sequence,target_id,vehicle_type,selection_frame,occlusion_start,occlusion_end,candidate_reappearance_frame,occluder_ids,duration_frames,visual_verification
MVI_39311,6,car,698,699,1497,1498,"30,32,34,36,40,43,7",799,pending
MVI_39311,7,car,709,710,1400,1401,"24,30,32,34,35,36,40,43",691,pending
MVI_39311,13,car,922,923,1417,1418,"32,43",495,pending
MVI_39311,24,bus,942,943,1298,1299,32,356,pending
MVI_39311,18,car,572,573,918,919,"21,24,30",346,pending
MVI_39311,6,car,304,305,649,650,"28,7",345,pending
MVI_39311,24,bus,508,509,848,849,"26,28,30,32",340,pending
MVI_39311,3,car,51,52,332,333,"4,5,9",281,pending
MVI_39311,26,car,557,558,758,759,27,201,pending
MVI_39311,27,car,677,678,867,868,"31,32",190,pending
MVI_39311,38,car,1270,1271,1451,1452,41,181,pending
MVI_39311,31,car,1284,1285,1455,1456,38,171,pending
MVI_39311,7,car,506,507,667,668,"21,28",161,pending
MVI_39311,34,car,870,871,1031,1032,36,161,pending
MVI_39311,35,car,945,946,1093,1094,"37,43",148,pending
MVI_39311,47,car,1291,1292,1432,1433,48,141,pending
MVI_39311,46,car,1225,1226,1356,1357,47,131,pending
MVI_39311,9,bus,138,139,249,250,"11,14",111,pending
MVI_39311,16,car,220,221,321,322,17,101,pending
MVI_39311,10,car,65,66,156,157,"11,12",91,pending
MVI_39311,32,bus,936,937,1027,1028,43,91,pending
MVI_39311,32,bus,1335,1336,1426,1427,49,91,pending
MVI_39311,25,car,440,441,521,522,"26,27",81,pending
MVI_39311,37,car,1143,1144,1224,1225,40,81,pending
MVI_39311,19,car,305,306,366,367,21,61,pending
MVI_39311,38,car,1127,1128,1185,1186,43,58,pending
MVI_39311,5,car,207,208,258,259,9,51,pending
MVI_39311,5,car,377,378,428,429,18,51,pending
MVI_39311,27,car,576,577,627,628,30,51,pending
MVI_39311,31,car,730,731,781,782,33,51,pending
MVI_39311,11,car,115,116,156,157,14,41,pending
MVI_39311,11,car,175,176,216,217,15,41,pending
MVI_39311,18,car,1034,1035,1075,1076,31,41,pending
MVI_39311,26,car,475,476,516,517,28,41,pending
MVI_39311,22,car,350,351,390,391,23,40,pending
MVI_39311,21,bus,447,448,480,481,24,33,pending
MVI_39311,38,car,1186,1187,1219,1220,43,33,pending
MVI_39311,33,car,1091,1092,1122,1123,44,31,pending
MVI_39311,21,bus,393,394,420,421,24,27,pending
MVI_39311,31,car,1213,1214,1234,1235,43,21,pending
MVI_39311,6,car,209,210,225,226,"7,9",16,pending
MVI_39311,24,bus,923,924,939,940,32,16,pending
MVI_39311,6,car,226,227,240,241,7,14,pending
MVI_39311,6,car,171,172,184,185,7,13,pending
MVI_39311,24,bus,865,866,875,876,32,10,pending
MVI_39311,6,car,161,162,170,171,7,9,pending
MVI_39311,6,car,251,252,260,261,7,9,pending
MVI_39311,6,car,266,267,274,275,7,8,pending
MVI_39311,6,car,277,278,285,286,7,8,pending
MVI_39311,21,bus,432,433,440,441,24,8,pending
MVI_39311,6,car,243,244,250,251,7,7,pending
MVI_39311,21,bus,421,422,428,429,24,7,pending
MVI_39311,24,bus,908,909,914,915,32,6,pending
MVI_39311,30,car,701,702,707,708,32,6,pending
MVI_39311,6,car,128,129,133,134,7,5,pending
MVI_39311,24,bus,853,854,858,859,32,5,pending
MVI_39311,25,car,435,436,437,438,26,2,pending
MVI_39311,22,car,340,341,341,342,23,1,pending
