sequence,target_id,start,end,duration,max_occlusion,same_type_nearby,motion_pixels,motion_normalized,target_width,target_height,priority_score
MVI_40761,24,310,370,61,0.64,5,316.2,3.85,84.8,27.2,9.44
MVI_40761,69,1662,1744,83,0.57,5,306.3,3.55,89.5,29.8,8.78
MVI_40761,16,245,275,31,0.99,8,183.8,1.99,82.3,30.9,8.76
MVI_39401,39,243,347,105,0.79,13,171.1,1.81,84.6,65.6,8.59
MVI_39311,35,946,1093,148,0.55,16,97.0,2.14,40.5,31.9,8.35
MVI_40761,34,729,799,71,0.73,9,160.4,1.81,89.9,30.4,8.06
MVI_39401,113,1244,1358,115,0.7,7,239.3,1.86,95.5,68.4,7.34
MVI_39401,72,610,670,61,0.54,5,216.4,2.58,85.3,38.3,7.23
MVI_39401,66,536,618,83,0.82,4,205.5,2.06,78.9,60.7,6.95
MVI_39311,25,441,521,81,0.58,9,49.7,1.3,35.1,30.9,6.83
MVI_40761,7,145,188,44,0.85,7,98.4,1.13,89.8,28.5,6.7
MVI_40761,60,1490,1534,45,1.0,7,45.3,0.71,60.8,29.8,6.51
MVI_39401,99,991,1072,82,0.56,6,208.3,1.69,119.0,70.1,6.33
MVI_40761,16,208,228,21,0.58,6,144.2,1.56,94.9,29.2,6.17
MVI_40761,16,295,316,22,0.8,6,73.1,0.87,91.7,31.9,5.81
MVI_39311,11,116,156,41,0.69,6,37.5,0.98,36.6,27.2,5.66
MVI_40761,7,73,94,22,0.65,7,70.3,0.78,88.9,31.3,5.57
MVI_40761,13,109,129,21,0.67,4,119.8,1.41,84.2,35.1,5.52
MVI_40761,15,241,271,31,0.59,7,55.0,0.68,75.0,29.8,5.24
MVI_40761,22,284,304,21,0.59,3,141.9,1.6,91.5,32.1,5.21
MVI_40761,53,1932,1972,41,0.86,3,46.6,0.6,72.5,29.8,4.52
